States_UT,Age_18_30,Age_30_45,Age_45_60,Age_GT_60,Total_Arrested
Andhra Pradesh,317,325,126,10,778
Arunachal Pradesh,77,38,1,2,118
Assam,101,268,13,1,383
Bihar,250,184,44,0,478
Chhattisgarh,235,223,55,8,521
Goa,29,18,12,1,60
Gujarat,17,41,12,0,70
Haryana,559,544,165,34,1302
Himachal Pradesh,371,295,132,9,807
Jammu & Kashmir,179,363,45,0,587
Jharkhand,77,81,11,0,169
Karnataka,218,198,70,9,495
Kerala,1235,946,422,64,2667
Madhya Pradesh,461,341,190,13,1005
Maharashtra,10482,4707,966,113,16268
Manipur,69,50,14,0,133
Meghalaya,35,21,1,1,58
Mizoram,82,49,13,0,144
Nagaland,33,39,3,0,75
Odisha,380,264,50,0,694
Punjab,7297,7119,2637,15,17068
Rajasthan,569,465,214,4,1252
Sikkim,2,1,0,0,3
Tamil Nadu,526,767,396,55,1744
Telangana,104,208,64,18,394
Tripura,62,49,5,1,117
Uttar Pradesh,3435,2056,433,12,5936
Uttarakhand,135,218,12,1,366
West Bengal,928,590,131,2,1651
A & N Islands,16,14,11,3,44
Chandigarh,57,52,30,0,139
D&N Haveli,2,0,0,0,2
Daman & Diu,3,1,0,0,4
Delhi UT,205,162,31,2,400
Lakshadweep,12,17,0,0,29
Puducherry,0,0,1,0,1
